{
  "model": "PointPillars (Guardian Drive custom)",
  "dataset": "nuScenes v1.0-mini",
  "n_samples": 164,
  "n_params": 4828262,
  "best_loss": 2e-05,
  "final_loss": 2e-05,
  "epochs": 50,
  "gpu": "NVIDIA GeForce RTX 4090",
  "loss_history": [
    0.006704,
    0.001603,
    0.001009,
    0.000674,
    0.000599,
    0.000465,
    0.000387,
    0.000297,
    0.000271,
    0.00023,
    0.000187,
    0.000158,
    0.00014,
    0.000133,
    0.000106,
    0.000101,
    9.1e-05,
    9e-05,
    8.1e-05,
    7.4e-05,
    7.1e-05,
    7.1e-05,
    6.3e-05,
    6.3e-05,
    6.1e-05,
    5.8e-05,
    5.4e-05,
    5e-05,
    4.6e-05,
    4.2e-05,
    4.3e-05,
    4e-05,
    3.8e-05,
    3.8e-05,
    3.6e-05,
    3.3e-05,
    3e-05,
    2.9e-05,
    2.8e-05,
    2.7e-05,
    2.6e-05,
    2.5e-05,
    2.3e-05,
    2.3e-05,
    2.3e-05,
    2.2e-05,
    2.1e-05,
    2.1e-05,
    2.1e-05,
    2e-05
  ]
}